eval_accuracy,eval_f1,eval_precision,eval_recall
0.6194598337950139,0.6072785726490794,0.6128945124728566,0.6194598337950139
0.6270775623268698,0.6169291080909273,0.6189195145777412,0.6270775623268698
0.6312326869806094,0.6155193361894296,0.6251528002596562,0.6312326869806094
0.6329639889196675,0.6153983329777346,0.6325030172517636,0.6329639889196675
0.6423130193905817,0.6291569434140286,0.6378692379083672,0.6423130193905817
0.6367728531855956,0.6314857635458646,0.6319412543823869,0.6367728531855956
0.6374653739612188,0.6290795427856639,0.6300414345178255,0.6374653739612188
0.6402354570637119,0.6303095902690687,0.6338762128438068,0.6402354570637119
