eval_accuracy,eval_f1,eval_precision,eval_recall
0.6232686980609419,0.6111453439783746,0.6182448266932858,0.6232686980609419
0.6322714681440443,0.6217476485358823,0.6234901665817785,0.6322714681440443
0.6457756232686981,0.6343789690692083,0.6376019015871365,0.6457756232686981
0.6464681440443213,0.6348833079657464,0.6396229680657168,0.6464681440443213
0.6395429362880887,0.6279486151856205,0.6331909425367274,0.6395429362880887
0.6395429362880887,0.6319208009476274,0.6329940859498876,0.6395429362880887
0.639196675900277,0.6302956144399124,0.6323556059158963,0.639196675900277
0.6405817174515236,0.630182915196109,0.6332234148581211,0.6405817174515236
